LSUB	0	78212
LSUB	1	9545
LSUB	10	34362
LSUB	11	20995
LSUB	114	1
LSUB	12	12975
LSUB	124	2
LSUB	13	8938
LSUB	14	5634
LSUB	15	3586
LSUB	16	2189
LSUB	17	1297
LSUB	18	711
LSUB	19	373
LSUB	2	3626
LSUB	20	202
LSUB	21	112
LSUB	22	55
LSUB	23	33
LSUB	24	28
LSUB	25	24
LSUB	26	4
LSUB	27	2
LSUB	28	1
LSUB	29	3
LSUB	3	7862
LSUB	30	3
LSUB	31	1
LSUB	32	1
LSUB	33	2
LSUB	38	1
LSUB	39	1
LSUB	4	10472
LSUB	44	1
LSUB	48	1
LSUB	5	78800
LSUB	51	1
LSUB	52	1
LSUB	6	339119
LSUB	7	209286
LSUB	79	1
LSUB	8	91041
LSUB	86	1
LSUB	9	50129
LSUC	0	553
LSUC	1	67
LSUC	10	340
LSUC	11	334
LSUC	12	448
LSUC	13	549
LSUC	14	479
LSUC	15	432
LSUC	16	335
LSUC	17	226
LSUC	18	169
LSUC	19	101
LSUC	2	43
LSUC	20	52
LSUC	21	20
LSUC	22	14
LSUC	23	6
LSUC	24	3
LSUC	25	2
LSUC	27	1
LSUC	3	41
LSUC	4	37
LSUC	5	92
LSUC	6	416
LSUC	7	1342
LSUC	8	1441
LSUC	9	628
RNA1	0	269077
RNA10_1	0	2409
RNA10_1	1	412
RNA10_1	10	990
RNA10_1	11	629
RNA10_1	12	320
RNA10_1	13	166
RNA10_1	14	97
RNA10_1	15	32
RNA10_1	16	13
RNA10_1	17	7
RNA10_1	18	3
RNA10_1	19	2
RNA10_1	2	181
RNA10_1	27	1
RNA10_1	3	309
RNA10_1	4	667
RNA10_1	5	2106
RNA10_1	6	14340
RNA10_1	7	6072
RNA10_1	8	3214
RNA10_1	9	1810
RNA10_2	0	10
RNA10_2	10	2
RNA10_2	11	2
RNA10_2	12	1
RNA10_2	13	1
RNA10_2	15	1
RNA10_2	18	1
RNA10_2	2	3
RNA10_2	3	2
RNA10_2	4	1
RNA10_2	5	7
RNA10_2	6	15
RNA10_2	7	12
RNA10_2	8	2
RNA10_2	9	2
RNA10_F	0	1672
RNA10_F	1	1382
RNA10_F	10	262
RNA10_F	11	216
RNA10_F	12	131
RNA10_F	13	104
RNA10_F	14	57
RNA10_F	15	34
RNA10_F	16	20
RNA10_F	17	7
RNA10_F	18	4
RNA10_F	19	3
RNA10_F	2	416
RNA10_F	23	1
RNA10_F	3	1300
RNA10_F	4	2285
RNA10_F	5	3741
RNA10_F	6	1889
RNA10_F	7	588
RNA10_F	8	396
RNA10_F	9	281
RNA1	1	56018
RNA1	10	225
RNA1	11	170
RNA11_1	0	2449
RNA11_1	1	828
RNA11_1	10	2641
RNA11_1	108	1
RNA11_1	11	3343
RNA11_1	110	1
RNA11_1	12	3570
RNA11_1	13	4336
RNA11_1	14	3761
RNA11_1	15	3038
RNA11_1	16	2199
RNA11_1	17	1574
RNA11_1	18	1036
RNA11_1	19	553
RNA11_1	2	300
RNA11_1	20	307
RNA11_1	21	137
RNA11_1	22	87
RNA11_1	23	54
RNA11_1	24	24
RNA11_1	25	8
RNA11_1	26	8
RNA11_1	27	4
RNA11_1	28	3
RNA11_1	29	2
RNA11_1	3	357
RNA11_1	38	1
RNA11_1	4	384
RNA11_1	5	397
RNA11_1	6	452
RNA11_1	7	624
RNA11_1	8	1279
RNA11_1	9	1774
RNA11_1	91	1
RNA1	12	148
RNA1	13	127
RNA1	14	79
RNA1	15	82
RNA1	16	48
RNA1	17	17
RNA1	18	17
RNA1	19	10
RNA11_F	0	59033
RNA11_F	1	28773
RNA11_F	10	16458
RNA11_F	11	19028
RNA11_F	12	24481
RNA11_F	13	35593
RNA11_F	14	41874
RNA11_F	15	51982
RNA11_F	16	77302
RNA11_F	17	104152
RNA11_F	18	98158
RNA11_F	19	59532
RNA11_F	2	7830
RNA11_F	20	30201
RNA11_F	21	14632
RNA11_F	22	7486
RNA11_F	23	4538
RNA11_F	24	2899
RNA11_F	25	1720
RNA11_F	26	1027
RNA11_F	27	618
RNA11_F	28	346
RNA11_F	29	183
RNA11_F	3	8769
RNA11_F	30	100
RNA11_F	31	60
RNA11_F	32	37
RNA11_F	33	35
RNA11_F	34	16
RNA11_F	35	10
RNA11_F	36	9
RNA11_F	37	3
RNA11_F	38	3
RNA11_F	39	1
RNA11_F	4	8949
RNA11_F	40	5
RNA11_F	41	1
RNA11_F	42	3
RNA11_F	43	3
RNA11_F	44	1
RNA11_F	45	3
RNA11_F	48	1
RNA11_F	5	7115
RNA11_F	54	1
RNA11_F	6	5888
RNA11_F	7	6881
RNA11_F	79	1
RNA11_F	8	10347
RNA11_F	81	1
RNA11_F	83	1
RNA11_F	9	13485
RNA11_F	91	1
RNA11_F	92	7
RNA1	2	4485
RNA1	20	5
RNA1	21	4
RNA1	22	2
RNA1	24	1
RNA1	26	1
RNA1	3	4867
RNA13	0	21481
RNA13	1	13003
RNA13	10	2494
RNA13	103	1
RNA13	11	2673
RNA13	116	1
RNA13	12	2976
RNA13	13	3312
RNA13	14	4363
RNA13	15	6465
RNA13	16	9284
RNA13	17	9390
RNA13	18	4806
RNA13	19	1749
RNA13	2	2571
RNA13	20	705
RNA13	21	317
RNA13	22	154
RNA13	23	65
RNA13	24	25
RNA13	25	17
RNA13	26	14
RNA13	27	5
RNA13	29	2
RNA13	3	2886
RNA13	30	4
RNA13	31	1
RNA13	32	1
RNA13	33	1
RNA13	39	1
RNA13	4	1407
RNA13	5	1352
RNA13	6	1505
RNA13	7	1514
RNA13	76	1
RNA13	8	1815
RNA13	9	1942
RNA1	4	705
RNA14	0	93512
RNA14	1	19605
RNA14	10	21788
RNA14	107	1
RNA14	11	43524
RNA14	112	1
RNA14	114	1
RNA14	115	19
RNA14	12	95284
RNA14	13	168617
RNA14	14	226143
RNA14	15	183090
RNA14	16	111706
RNA14	17	91261
RNA14	18	120144
RNA14	19	135785
RNA1	42	1
RNA14	2	8156
RNA14	20	79266
RNA14	21	33104
RNA14	22	12592
RNA14	23	5126
RNA14	24	2005
RNA14	25	867
RNA14	26	365
RNA14	27	165
RNA14	28	68
RNA14	29	26
RNA14	3	9308
RNA14	30	24
RNA14	31	12
RNA14	32	8
RNA14	33	6
RNA14	34	4
RNA14	35	7
RNA14	36	3
RNA14	37	7
RNA14	38	8
RNA14	39	6
RNA14	4	9076
RNA14	42	4
RNA14	43	2
RNA14	44	1
RNA14	45	4
RNA14	46	2
RNA14	47	1
RNA14	48	2
RNA14	5	9557
RNA14	50	4
RNA14	51	1
RNA14	52	1
RNA14	53	2
RNA14	54	4
RNA14	55	1
RNA14	57	1
RNA14	6	10581
RNA14	64	2
RNA14	65	1
RNA14	69	1
RNA14	7	8486
RNA14	76	1
RNA14	8	9571
RNA14	81	1
RNA14	82	1
RNA14	9	12019
RNA14	96	1
RNA14	97	1
RNA1	5	348
RNA15_1	0	65996
RNA15_1	1	291174
RNA15_1	10	59442
RNA15_1	102	1
RNA15_1	11	19073
RNA15_1	12	13033
RNA15_1	123	4
RNA15_1	13	9735
RNA15_1	14	5999
RNA15_1	15	3837
RNA15_1	16	2244
RNA15_1	17	1341
RNA15_1	18	828
RNA15_1	19	467
RNA15_1	2	2350690
RNA15_1	20	321
RNA15_1	21	178
RNA15_1	22	98
RNA15_1	23	65
RNA15_1	24	26
RNA15_1	25	20
RNA15_1	26	16
RNA15_1	27	8
RNA15_1	28	5
RNA15_1	29	3
RNA15_1	3	368677
RNA15_1	30	5
RNA15_1	31	2
RNA15_1	32	2
RNA15_1	4	135372
RNA15_1	43	1
RNA15_1	5	102011
RNA15_1	58	1
RNA15_1	6	177291
RNA15_1	64	1
RNA15_1	7	86570
RNA15_1	73	1
RNA15_1	8	132059
RNA15_1	9	381159
RNA1	53	2
RNA15_F	0	527322
RNA15_F	1	28665
RNA15_F	10	707
RNA15_F	11	351
RNA15_F	12	230
RNA15_F	13	180
RNA15_F	14	122
RNA15_F	15	67
RNA15_F	16	26
RNA15_F	17	22
RNA15_F	18	14
RNA15_F	19	4
RNA15_F	2	79889
RNA15_F	20	8
RNA15_F	21	3
RNA15_F	22	2
RNA15_F	23	2
RNA15_F	24	1
RNA15_F	3	5106
RNA15_F	4	2524
RNA15_F	5	1764
RNA15_F	6	1202
RNA15_F	7	2552
RNA15_F	8	2865
RNA15_F	9	3839
RNA1	6	229
RNA16	0	9779
RNA16	1	8307
RNA16	10	5294
RNA16	11	6721
RNA16	12	7763
RNA16	13	8848
RNA16	14	8955
RNA16	15	8788
RNA16	16	7549
RNA16	17	5840
RNA16	18	3843
RNA16	19	1988
RNA16	2	7824
RNA16	20	872
RNA16	21	367
RNA16	22	142
RNA16	23	58
RNA16	24	36
RNA16	25	27
RNA16	26	17
RNA16	27	5
RNA16	28	4
RNA16	29	1
RNA16	3	72349
RNA16	30	3
RNA16	38	1
RNA16	4	113750
RNA16	43	1
RNA16	5	11302
RNA16	6	4953
RNA16	69	1
RNA16	7	2617
RNA16	8	2632
RNA16	9	3503
RNA1	7	185
RNA17	0	424326
RNA17	1	63678
RNA17	10	61789
RNA17	103	2
RNA17	105	1
RNA17	106	1
RNA17	107	2
RNA17	108	1
RNA17	109	7
RNA17	11	70407
RNA17	12	79511
RNA17	13	59162
RNA17	14	37409
RNA17	15	19041
RNA17	16	8586
RNA17	17	3765
RNA17	18	1864
RNA17	19	832
RNA17	2	9673
RNA17	20	474
RNA17	21	265
RNA17	22	136
RNA17	23	70
RNA17	24	38
RNA17	25	37
RNA17	26	17
RNA17	27	11
RNA17	28	5
RNA17	29	3
RNA17	3	43838
RNA17	30	5
RNA17	32	2
RNA17	33	2
RNA17	34	2
RNA17	35	2
RNA17	36	1
RNA17	37	3
RNA17	38	1
RNA17	39	3
RNA17	4	47116
RNA17	41	1
RNA17	43	2
RNA17	44	4
RNA17	45	1
RNA17	47	2
RNA17	5	96638
RNA17	52	2
RNA17	53	3
RNA17	54	1
RNA17	58	1
RNA17	6	436592
RNA17	60	1
RNA17	61	1
RNA17	62	1
RNA17	65	1
RNA17	67	1
RNA17	7	1439600
RNA17	72	1
RNA17	8	304288
RNA17	83	1
RNA17	85	1
RNA17	9	95817
RNA17	94	2
RNA17	95	2
RNA1	8	295
RNA18	0	21682
RNA18	1	14548
RNA18	10	7345
RNA18	11	3013
RNA18	12	2169
RNA18	13	2124
RNA18	14	1638
RNA18	15	1155
RNA18	16	818
RNA18	17	589
RNA18	18	385
RNA18	19	222
RNA18	2	9938
RNA18	20	99
RNA18	21	51
RNA18	22	23
RNA18	23	9
RNA18	24	6
RNA18	25	6
RNA18	27	1
RNA18	28	1
RNA18	3	16805
RNA18	30	1
RNA18	4	29535
RNA18	46	1
RNA18	5	44534
RNA18	6	87444
RNA18	7	53719
RNA18	8	38369
RNA18	9	14132
RNA1	9	221
RNA19	0	84063
RNA19	1	14610
RNA19	10	1180
RNA19	11	852
RNA19	12	577
RNA19	13	387
RNA19	14	241
RNA19	15	154
RNA19	16	106
RNA19	17	86
RNA19	18	72
RNA19	19	39
RNA19	2	4468
RNA19	20	27
RNA19	21	8
RNA19	22	3
RNA19	23	2
RNA19	25	1
RNA19	3	3414
RNA19	4	1603
RNA19	5	538
RNA19	6	795
RNA19	7	879
RNA19	8	1091
RNA19	9	1118
RNA2	0	581
RNA2	1	135
RNA2	10	497
RNA2	11	314
RNA2	12	154
RNA2	13	68
RNA2	14	48
RNA2	15	29
RNA2	16	22
RNA2	17	9
RNA2	18	8
RNA2	19	2
RNA2	2	24
RNA2	20	4
RNA2	21	1
RNA2	22	1
RNA2	24	1
RNA2	27	1
RNA2	28	1
RNA2	3	31
RNA23t_1	0	8548
RNA23t_1	1	1714
RNA23t_1	10	1617
RNA23t_1	11	1896
RNA23t_1	12	1910
RNA23t_1	13	1928
RNA23t_1	14	2055
RNA23t_1	15	3311
RNA23t_1	16	5164
RNA23t_1	17	9346
RNA23t_1	18	22647
RNA23t_1	19	35945
RNA23t_1	2	820
RNA23t_1	20	13691
RNA23t_1	21	4202
RNA23t_1	22	1651
RNA23t_1	23	599
RNA23t_1	24	193
RNA23t_1	25	71
RNA23t_1	26	36
RNA23t_1	27	31
RNA23t_1	28	10
RNA23t_1	29	9
RNA23t_1	3	874
RNA23t_1	30	3
RNA23t_1	31	2
RNA23t_1	32	1
RNA23t_1	33	1
RNA23t_1	37	1
RNA23t_1	38	1
RNA23t_1	4	663
RNA23t_1	43	1
RNA23t_1	44	1
RNA23t_1	47	2
RNA23t_1	5	798
RNA23t_1	51	1
RNA23t_1	6	832
RNA23t_1	61	1
RNA23t_1	7	773
RNA23t_1	8	828
RNA23t_1	86	1
RNA23t_1	9	1107
RNA23t_1	93	1
RNA23t_2	0	4602551
RNA23t_2	1	27907
RNA23t_2	10	339
RNA23t_2	109	1
RNA23t_2	11	254
RNA23t_2	12	294
RNA23t_2	13	267
RNA23t_2	14	251
RNA23t_2	15	209
RNA23t_2	16	151
RNA23t_2	17	106
RNA23t_2	18	87
RNA23t_2	19	42
RNA23t_2	2	37753
RNA23t_2	20	27
RNA23t_2	21	11
RNA23t_2	22	8
RNA23t_2	23	5
RNA23t_2	24	1
RNA23t_2	25	2
RNA23t_2	26	1
RNA23t_2	3	601
RNA23t_2	4	269
RNA23t_2	5	146
RNA23t_2	53	1
RNA23t_2	6	160
RNA23t_2	7	199
RNA23t_2	8	304
RNA23t_2	9	262
RNA23t_F	0	14577
RNA23t_F	1	17227
RNA23t_F	10	159
RNA23t_F	11	104
RNA23t_F	12	59
RNA23t_F	13	27
RNA23t_F	14	24
RNA23t_F	15	12
RNA23t_F	16	15
RNA23t_F	17	9
RNA23t_F	18	18
RNA23t_F	19	7
RNA23t_F	2	19218
RNA23t_F	20	5
RNA23t_F	21	4
RNA23t_F	24	1
RNA23t_F	3	4010
RNA23t_F	4	1346
RNA23t_F	5	542
RNA23t_F	6	415
RNA23t_F	7	383
RNA23t_F	8	346
RNA23t_F	9	214
RNA2	4	27
RNA2	5	30
RNA2	6	7
RNA2	7	18
RNA2	8	58
RNA28	0	680
RNA28	1	167
RNA28	10	470
RNA28	11	661
RNA28	12	677
RNA28	13	523
RNA28	14	263
RNA28	15	129
RNA28	16	64
RNA28	17	21
RNA28	18	23
RNA28	19	10
RNA28	2	51
RNA28	20	10
RNA28	21	2
RNA28	22	1
RNA28	23	1
RNA28	26	1
RNA28	3	35
RNA28	31	1
RNA28	4	34
RNA28	5	36
RNA28	6	86
RNA28	7	86
RNA28	8	154
RNA28	9	226
RNA2	9	159
RNA29	0	26869
RNA29	1	6380
RNA29	10	178266
RNA29	105	8
RNA29	11	149295
RNA29	12	50701
RNA29	13	15907
RNA29	14	5782
RNA29	15	2462
RNA29	16	1193
RNA29	17	722
RNA29	18	692
RNA29	19	829
RNA29	2	1927
RNA29	20	653
RNA29	21	299
RNA29	22	95
RNA29	23	44
RNA29	24	13
RNA29	25	10
RNA29	26	7
RNA29	27	1
RNA29	28	4
RNA29	29	1
RNA29	3	2466
RNA29	30	2
RNA29	32	2
RNA29	33	3
RNA29	34	1
RNA29	36	1
RNA29	37	1
RNA29	4	2258
RNA29	44	1
RNA29	46	1
RNA29	49	1
RNA29	5	2266
RNA29	50	1
RNA29	6	2673
RNA29	62	1
RNA29	7	3300
RNA29	8	10884
RNA29	9	52826
RNA3	0	3259
RNA30	0	71484
RNA30	1	6357
RNA30	10	19664
RNA30	11	28955
RNA30	111	1
RNA30	119	1
RNA30	12	35059
RNA30	120	1
RNA30	13	29132
RNA30	14	18364
RNA30	15	12955
RNA30	16	9951
RNA30	17	7284
RNA30	18	5501
RNA30	19	3254
RNA30	2	3469
RNA30	20	1792
RNA30	21	831
RNA30	22	422
RNA30	23	185
RNA30	24	86
RNA30	25	62
RNA30	26	34
RNA30	27	16
RNA30	28	12
RNA30	29	6
RNA30	3	3849
RNA30	30	3
RNA30	31	6
RNA30	32	4
RNA30	33	1
RNA30	35	3
RNA30	36	1
RNA30	4	4152
RNA30	41	1
RNA30	45	1
RNA30	49	1
RNA30	5	13674
RNA30	50	1
RNA30	54	1
RNA30	55	1
RNA30	6	70584
RNA30	69	1
RNA30	7	629802
RNA30	72	1
RNA30	76	1
RNA30	8	112089
RNA30	9	20939
RNA3	1	508
RNA3	10	443
RNA3	11	216
RNA31_1	0	316
RNA31_1	1	595
RNA31_1	10	9
RNA31_1	11	11
RNA31_1	12	5
RNA31_1	13	12
RNA31_1	14	8
RNA31_1	15	9
RNA31_1	16	3
RNA31_1	17	6
RNA31_1	18	3
RNA31_1	19	1
RNA31_1	2	60
RNA31_1	20	1
RNA31_1	3	30
RNA31_1	4	33
RNA31_1	5	20
RNA31_1	6	25
RNA31_1	7	18
RNA31_1	8	14
RNA31_1	9	14
RNA3	12	167
RNA3	13	121
RNA3	14	92
RNA3	15	75
RNA3	16	43
RNA3	17	28
RNA3	18	8
RNA3	19	2
RNA31_F	0	3207
RNA31_F	1	5629
RNA31_F	10	461
RNA31_F	11	485
RNA31_F	12	568
RNA31_F	13	486
RNA31_F	14	411
RNA31_F	15	286
RNA31_F	16	159
RNA31_F	17	110
RNA31_F	18	51
RNA31_F	19	41
RNA31_F	2	914
RNA31_F	20	16
RNA31_F	21	12
RNA31_F	22	1
RNA31_F	25	1
RNA31_F	29	1
RNA31_F	3	392
RNA31_F	33	1
RNA31_F	4	139
RNA31_F	5	98
RNA31_F	6	97
RNA31_F	7	180
RNA31_F	8	267
RNA31_F	9	356
RNA3	2	334
RNA3	20	4
RNA3	21	2
RNA32_1	0	2
RNA32_1	15	3
RNA32_1	17	2
RNA32_1	4	7
RNA32_1	5	4
RNA32_1	7	2
RNA3	22	1
RNA3	23	1
RNA3	27	1
RNA32_F	0	28
RNA32_F	1	5
RNA32_F	10	28
RNA32_F	11	20
RNA32_F	12	25
RNA32_F	13	36
RNA32_F	14	12
RNA32_F	15	12
RNA32_F	16	6
RNA32_F	17	11
RNA32_F	18	4
RNA32_F	2	2
RNA32_F	25	1
RNA32_F	3	7
RNA32_F	4	73
RNA32_F	5	101
RNA32_F	6	19
RNA32_F	7	6
RNA32_F	8	13
RNA32_F	9	16
RNA3	3	1001
RNA33_1	0	687
RNA33_1	1	157
RNA33_1	10	1124
RNA33_1	11	1546
RNA33_1	12	1794
RNA33_1	13	1776
RNA33_1	14	1251
RNA33_1	15	766
RNA33_1	16	469
RNA33_1	17	229
RNA33_1	18	149
RNA33_1	19	68
RNA33_1	2	55
RNA33_1	20	45
RNA33_1	21	23
RNA33_1	22	7
RNA33_1	23	1
RNA33_1	24	2
RNA33_1	25	1
RNA33_1	26	3
RNA33_1	28	1
RNA33_1	29	1
RNA33_1	3	53
RNA33_1	4	54
RNA33_1	5	71
RNA33_1	6	97
RNA33_1	7	108
RNA33_1	8	190
RNA33_1	9	460
RNA33_2	0	150
RNA33_2	1	37
RNA33_2	10	41
RNA33_2	11	78
RNA33_2	12	90
RNA33_2	13	117
RNA33_2	14	92
RNA33_2	15	68
RNA33_2	16	65
RNA33_2	17	43
RNA33_2	18	29
RNA33_2	19	18
RNA33_2	2	11
RNA33_2	20	11
RNA33_2	21	6
RNA33_2	22	2
RNA33_2	23	1
RNA33_2	25	1
RNA33_2	3	7
RNA33_2	4	7
RNA33_2	5	3
RNA33_2	6	9
RNA33_2	7	9
RNA33_2	75	1
RNA33_2	8	15
RNA33_2	9	33
RNA3	36	1
RNA33_F	0	153
RNA33_F	1	22
RNA33_F	10	19
RNA33_F	11	14
RNA33_F	12	8
RNA33_F	13	14
RNA33_F	14	8
RNA33_F	15	7
RNA33_F	16	9
RNA33_F	17	6
RNA33_F	18	9
RNA33_F	2	9
RNA33_F	20	2
RNA33_F	21	1
RNA33_F	3	6
RNA33_F	32	1
RNA33_F	4	5
RNA33_F	5	6
RNA33_F	6	6
RNA33_F	7	5
RNA33_F	8	5
RNA33_F	9	7
RNA3	4	5436
RNA34_1	0	24645
RNA34_1	1	975
RNA34_1	10	175
RNA34_1	11	253
RNA34_1	12	290
RNA34_1	13	318
RNA34_1	14	292
RNA34_1	15	249
RNA34_1	16	167
RNA34_1	17	144
RNA34_1	18	105
RNA34_1	19	128
RNA34_1	2	215
RNA34_1	20	223
RNA34_1	21	410
RNA34_1	22	494
RNA34_1	23	332
RNA34_1	24	132
RNA34_1	25	41
RNA34_1	26	18
RNA34_1	27	9
RNA34_1	28	1
RNA34_1	3	129
RNA34_1	33	1
RNA34_1	34	1
RNA34_1	4	225
RNA34_1	5	157
RNA34_1	6	94
RNA34_1	7	63
RNA34_1	8	64
RNA34_1	9	92
RNA34_F	0	95401
RNA34_F	1	15320
RNA34_F	10	14628
RNA34_F	11	20311
RNA34_F	12	27763
RNA34_F	13	32871
RNA34_F	14	32130
RNA34_F	15	29663
RNA34_F	16	24054
RNA34_F	17	20691
RNA34_F	18	20450
RNA34_F	19	26486
RNA34_F	2	13150
RNA34_F	20	45875
RNA34_F	21	80688
RNA34_F	22	96610
RNA34_F	23	59109
RNA34_F	24	25317
RNA34_F	25	9654
RNA34_F	26	3935
RNA34_F	27	1651
RNA34_F	28	712
RNA34_F	29	347
RNA34_F	3	13802
RNA34_F	30	207
RNA34_F	31	149
RNA34_F	32	112
RNA34_F	33	72
RNA34_F	34	66
RNA34_F	35	50
RNA34_F	36	22
RNA34_F	37	22
RNA34_F	38	18
RNA34_F	39	21
RNA34_F	4	29459
RNA34_F	40	14
RNA34_F	41	13
RNA34_F	42	10
RNA34_F	43	7
RNA34_F	44	7
RNA34_F	45	1
RNA34_F	46	6
RNA34_F	47	3
RNA34_F	48	1
RNA34_F	49	4
RNA34_F	5	24180
RNA34_F	50	1
RNA34_F	51	2
RNA34_F	52	1
RNA34_F	53	2
RNA34_F	54	1
RNA34_F	59	1
RNA34_F	6	13912
RNA34_F	65	1
RNA34_F	7	8481
RNA34_F	72	1
RNA34_F	73	1
RNA34_F	74	1
RNA34_F	75	1
RNA34_F	78	1
RNA34_F	8	8556
RNA34_F	80	1
RNA34_F	85	4
RNA34_F	86	35
RNA34_F	87	11
RNA34_F	9	10166
RNA3	5	14889
RNA35	0	3584
RNA35	1	690
RNA35	10	6224
RNA35	11	2595
RNA35	12	1093
RNA35	128	2
RNA35	13	789
RNA35	14	534
RNA35	15	347
RNA35	16	210
RNA35	17	141
RNA35	18	92
RNA35	19	34
RNA35	2	148
RNA35	20	20
RNA35	21	6
RNA35	22	2
RNA35	24	3
RNA35	25	1
RNA35	3	283
RNA35	4	312
RNA35	49	1
RNA35	5	413
RNA35	54	1
RNA35	59	1
RNA35	6	408
RNA35	7	1687
RNA35	8	8200
RNA3	59	2
RNA35	9	9373
RNA3	6	6252
RNA36	0	502
RNA36	1	122
RNA36	10	10
RNA36	11	8
RNA36	12	3
RNA36	13	3
RNA36	14	4
RNA36	15	2
RNA36	16	1
RNA36	17	1
RNA36	18	1
RNA36	19	1
RNA36	2	3
RNA36	22	1
RNA36	3	105
RNA36	4	61
RNA36	5	36
RNA36	6	20
RNA36	7	23
RNA36	8	18
RNA36	9	11
RNA3	7	3115
RNA37	0	25
RNA37	1	3
RNA37	10	1
RNA37	12	1
RNA37/38_F	0	5
RNA37/38_F	2	2
RNA37/38_F	4	4
RNA37/38_F	5	10
RNA37/38_F	6	6
RNA37/38_F	8	1
RNA37	4	2
RNA37	5	6
RNA37	6	2
RNA3	8	1797
RNA38	0	8
RNA38	1	4
RNA38	2	1
RNA38	3	7
RNA38	4	4
RNA38	5	13
RNA38	6	7
RNA38	7	1
RNA38	8	1
RNA3	9	717
RNA39	0	310
RNA39	1	50
RNA39	10	60
RNA39	11	131
RNA39	12	217
RNA39	13	544
RNA39	131	1
RNA39	14	872
RNA39	15	1122
RNA39	16	550
RNA39	17	194
RNA39	18	66
RNA39	19	28
RNA39	2	24
RNA39	20	6
RNA39	21	6
RNA39	22	4
RNA39	23	6
RNA39	24	2
RNA39	28	1
RNA39	3	28
RNA39	4	43
RNA39	5	30
RNA39	6	38
RNA39	7	46
RNA39	8	34
RNA39	9	44
RNA40	0	76
RNA40	1	8
RNA40	10	4
RNA40	11	2
RNA40	12	4
RNA40	13	2
RNA40	14	4
RNA40	15	1
RNA40	16	2
RNA40	17	1
RNA40	2	4
RNA40	3	14
RNA40	5	3
RNA40	7	2
RNA40	9	2
RNA41	0	5
RNA41	1	1
RNA41	13	1
RNA41	15	1
RNA41	3	2
RNA42	0	376
RNA42	1	139
RNA42	10	614
RNA42	11	840
RNA42	12	1013
RNA42	13	789
RNA42	14	562
RNA42	15	361
RNA42	16	221
RNA42	17	156
RNA42	18	87
RNA42	19	37
RNA42	2	39
RNA42	20	22
RNA42	21	14
RNA42	22	7
RNA42	23	4
RNA42	24	3
RNA42	25	5
RNA42	27	1
RNA42	3	24
RNA42	4	30
RNA42	41	1
RNA42	5	27
RNA42	6	39
RNA42	7	54
RNA42	8	123
RNA42	9	268
RNA43	0	267
RNA43	1	58
RNA43	10	58
RNA43	11	89
RNA43	12	98
RNA43	13	128
RNA43	14	99
RNA43	15	74
RNA43	16	74
RNA43	17	49
RNA43	18	36
RNA43	19	18
RNA43	2	19
RNA43	20	11
RNA43	21	7
RNA43	22	2
RNA43	23	1
RNA43	25	1
RNA43	3	13
RNA43	32	1
RNA43	4	12
RNA43	5	8
RNA43	6	13
RNA43	7	13
RNA43	75	1
RNA43	8	20
RNA43	9	39
RNA5_1	0	21534
RNA5_1	1	16598
RNA5_1	10	109
RNA5_1	11	107
RNA5_1	12	119
RNA5_1	13	146
RNA5_1	14	143
RNA5_1	15	146
RNA5_1	16	124
RNA5_1	17	136
RNA5_1	18	79
RNA5_1	19	39
RNA5_1	2	605
RNA5_1	20	22
RNA5_1	21	13
RNA5_1	22	3
RNA5_1	23	3
RNA5_1	24	1
RNA5_1	25	2
RNA5_1	3	78
RNA5_1	4	51
RNA5_1	5	25
RNA5_1	6	43
RNA5_1	7	21
RNA5_1	8	51
RNA5_1	9	65
RNA5_F	0	190945
RNA5_F	1	26864
RNA5_F	10	385369
RNA5_F	11	1184279
RNA5_F	12	617553
RNA5_F	13	302107
RNA5_F	14	147843
RNA5_F	15	78032
RNA5_F	16	41983
RNA5_F	17	20369
RNA5_F	18	10123
RNA5_F	19	4488
RNA5_F	2	17612
RNA5_F	20	1965
RNA5_F	21	843
RNA5_F	22	370
RNA5_F	23	144
RNA5_F	24	67
RNA5_F	25	32
RNA5_F	26	17
RNA5_F	27	8
RNA5_F	3	21765
RNA5_F	30	1
RNA5_F	31	1
RNA5_F	32	1
RNA5_F	35	1
RNA5_F	39	1
RNA5_F	4	22051
RNA5_F	41	1
RNA5_F	49	1
RNA5_F	5	22692
RNA5_F	53	1
RNA5_F	54	1
RNA5_F	55	2
RNA5_F	6	23296
RNA5_F	61	1
RNA5_F	64	2
RNA5_F	66	1
RNA5_F	67	21
RNA5_F	7	31702
RNA5_F	8	55663
RNA5_F	9	120027
RNA6	0	1242941
RNA6	1	95582
RNA6	10	3588
RNA6	11	3444
RNA6	12	3371
RNA6	13	2993
RNA6	14	2277
RNA6	15	1728
RNA6	16	1046
RNA6	17	778
RNA6	18	449
RNA6	19	227
RNA6	2	109043
RNA6	20	111
RNA6	21	58
RNA6	22	29
RNA6	23	26
RNA6	24	11
RNA6	25	8
RNA6	26	4
RNA6	27	1
RNA6	28	2
RNA6	29	1
RNA6	3	2516711
RNA6	30	1
RNA6	31	3
RNA6	32	2
RNA6	34	1
RNA6	4	2180090
RNA6	40	1
RNA6	42	1
RNA6	46	1
RNA6	5	156625
RNA6	6	32588
RNA6	7	6077
RNA6	8	4744
RNA6	88	2
RNA6	9	3255
RNA6	94	4
RNA6	95	1
RNA7	0	37525
RNA7	1	4081
RNA7	10	22051
RNA7	11	18227
RNA7	12	15074
RNA7	13	12915
RNA7	14	9001
RNA7	15	6117
RNA7	16	3550
RNA7	17	2144
RNA7	18	1450
RNA7	19	957
RNA7	2	3787
RNA7	20	681
RNA7	21	486
RNA7	22	452
RNA7	23	387
RNA7	24	325
RNA7	25	280
RNA7	26	187
RNA7	27	110
RNA7	28	62
RNA7	29	39
RNA7	3	3998
RNA7	30	23
RNA7	31	7
RNA7	32	8
RNA7	33	4
RNA7	34	3
RNA7	35	1
RNA7	36	1
RNA7	37	1
RNA7	38	1
RNA7	4	3568
RNA7	47	1
RNA7	5	4755
RNA7	52	1
RNA7	6	5095
RNA7	64	1
RNA7	7	6763
RNA7	71	3
RNA7	8	16275
RNA7	9	22578
RNA8	0	171398
RNA8	1	37097
RNA8	10	9289
RNA8	11	3564
RNA8	12	1808
RNA8	13	1292
RNA8	14	906
RNA8	15	709
RNA8	16	476
RNA8	17	317
RNA8	18	215
RNA8	19	109
RNA8	2	24727
RNA8	20	61
RNA8	21	43
RNA8	22	16
RNA8	23	17
RNA8	24	8
RNA8	25	5
RNA8	26	1
RNA8	27	3
RNA8	28	2
RNA8	29	1
RNA8	3	118010
RNA8	30	2
RNA8	31	1
RNA8	32	1
RNA8	35	1
RNA8	36	2
RNA8	37	1
RNA8	38	1
RNA8	39	3
RNA8	4	198939
RNA8	40	1
RNA8	41	2
RNA8	42	1
RNA8	43	22
RNA8	44	1
RNA8	45	2
RNA8	5	336603
RNA8	6	452466
RNA8	7	284931
RNA8	8	135873
RNA8	9	32014
RNA9	0	3953
RNA9	1	4079
RNA9	10	433
RNA9	11	414
RNA9	12	351
RNA9	13	229
RNA9	14	222
RNA9	15	144
RNA9	16	120
RNA9	17	84
RNA9	18	71
RNA9	19	77
RNA9	2	2433
RNA9	20	24
RNA9	21	19
RNA9	22	12
RNA9	23	12
RNA9	24	4
RNA9	25	3
RNA9	28	2
RNA9	29	1
RNA9	3	201
RNA9	32	2
RNA9	33	1
RNA9	4	118
RNA9	5	169
RNA9	6	181
RNA9	7	274
RNA9	8	293
RNA9	9	357
SSUA	0	3716
SSUA	1	833
SSUA	10	945
SSUA	11	840
SSUA	12	974
SSUA	13	1567
SSUA	14	2841
SSUA	15	4478
SSUA	16	4919
SSUA	17	3814
SSUA	18	1630
SSUA	19	778
SSUA	2	522
SSUA	20	339
SSUA	21	106
SSUA	22	62
SSUA	23	28
SSUA	24	22
SSUA	25	8
SSUA	26	2
SSUA	27	4
SSUA	28	2
SSUA	3	532
SSUA	31	2
SSUA	36	1
SSUA	37	15
SSUA	4	705
SSUA	5	657
SSUA	6	532
SSUA	7	507
SSUA	8	695
SSUA	9	879
SSUB	0	12184
SSUB	1	37679
SSUB	10	588
SSUB	11	471
SSUB	12	297
SSUB	13	234
SSUB	14	184
SSUB	15	147
SSUB	16	107
SSUB	17	57
SSUB	18	38
SSUB	19	15
SSUB	2	1393
SSUB	20	9
SSUB	21	5
SSUB	23	1
SSUB	24	7
SSUB	25	2
SSUB	29	1
SSUB	3	1755
SSUB	4	638
SSUB	5	439
SSUB	6	606
SSUB	7	749
SSUB	8	847
SSUB	9	752
SSUD	0	323546
SSUD	1	162155
SSUD	10	79993
SSUD	11	70546
SSUD	12	56274
SSUD	13	49954
SSUD	14	46287
SSUD	15	45497
SSUD	16	40895
SSUD	17	32275
SSUD	18	24565
SSUD	19	15178
SSUD	2	49667
SSUD	20	8598
SSUD	21	4602
SSUD	22	2161
SSUD	23	1089
SSUD	24	501
SSUD	25	245
SSUD	26	128
SSUD	27	108
SSUD	28	68
SSUD	29	35
SSUD	3	189255
SSUD	30	43
SSUD	31	36
SSUD	32	22
SSUD	33	35
SSUD	34	19
SSUD	35	18
SSUD	36	16
SSUD	37	5
SSUD	38	5
SSUD	39	8
SSUD	4	345413
SSUD	40	4
SSUD	41	1
SSUD	42	6
SSUD	43	3
SSUD	44	2
SSUD	45	1
SSUD	46	1
SSUD	48	2
SSUD	5	646453
SSUD	50	2
SSUD	51	2
SSUD	53	2
SSUD	54	1
SSUD	57	1
SSUD	59	1
SSUD	6	473945
SSUD	64	1
SSUD	67	2
SSUD	7	146414
SSUD	72	2
SSUD	73	1
SSUD	76	1
SSUD	78	18
SSUD	8	94299
SSUD	9	68589
SSUE_1	0	334
SSUE_1	1	99
SSUE_1	10	342
SSUE_1	11	592
SSUE_1	12	550
SSUE_1	13	536
SSUE_1	14	459
SSUE_1	15	289
SSUE_1	16	206
SSUE_1	17	138
SSUE_1	18	57
SSUE_1	19	27
SSUE_1	2	11
SSUE_1	20	14
SSUE_1	21	3
SSUE_1	22	4
SSUE_1	27	1
SSUE_1	28	1
SSUE_1	3	50
SSUE_1	4	49
SSUE_1	5	56
SSUE_1	51	1
SSUE_1	6	82
SSUE_1	7	121
SSUE_1	8	145
SSUE_1	9	213
SSUE_2	0	3078
SSUE_2	1	4659
SSUE_2	10	1353
SSUE_2	11	1741
SSUE_2	12	2399
SSUE_2	13	3139
SSUE_2	131	1
SSUE_2	132	1
SSUE_2	14	3497
SSUE_2	15	2799
SSUE_2	16	1959
SSUE_2	17	1159
SSUE_2	18	665
SSUE_2	19	277
SSUE_2	2	281
SSUE_2	20	111
SSUE_2	21	49
SSUE_2	22	16
SSUE_2	23	15
SSUE_2	24	8
SSUE_2	25	4
SSUE_2	26	3
SSUE_2	27	1
SSUE_2	29	1
SSUE_2	3	251
SSUE_2	30	1
SSUE_2	4	248
SSUE_2	5	344
SSUE_2	59	1
SSUE_2	6	406
SSUE_2	7	618
SSUE_2	8	761
SSUE_2	9	978
SSUE_F	0	1650
SSUE_F	1	3982
SSUE_F	10	56
SSUE_F	11	41
SSUE_F	12	54
SSUE_F	13	46
SSUE_F	14	29
SSUE_F	15	24
SSUE_F	16	11
SSUE_F	17	4
SSUE_F	18	3
SSUE_F	19	2
SSUE_F	2	100
SSUE_F	20	2
SSUE_F	3	79
SSUE_F	4	82
SSUE_F	5	55
SSUE_F	6	69
SSUE_F	7	106
SSUE_F	8	116
SSUE_F	9	60
SSUF_1	0	8188
SSUF_1	1	2006
SSUF_1	10	11754
SSUF_1	11	10780
SSUF_1	12	7615
SSUF_1	13	5261
SSUF_1	14	3135
SSUF_1	15	2068
SSUF_1	16	1389
SSUF_1	17	1080
SSUF_1	18	898
SSUF_1	19	548
SSUF_1	2	892
SSUF_1	20	306
SSUF_1	21	153
SSUF_1	22	72
SSUF_1	23	34
SSUF_1	24	21
SSUF_1	25	6
SSUF_1	26	8
SSUF_1	27	4
SSUF_1	28	2
SSUF_1	3	1353
SSUF_1	33	1
SSUF_1	34	1
SSUF_1	4	1765
SSUF_1	5	3664
SSUF_1	6	7701
SSUF_1	60	1
SSUF_1	7	16650
SSUF_1	8	19503
SSUF_1	9	12045
SSUF_2	0	3961043
SSUF_2	1	109094
SSUF_2	10	148896
SSUF_2	11	80269
SSUF_2	112	1
SSUF_2	117	1
SSUF_2	12	38131
SSUF_2	13	20723
SSUF_2	14	11183
SSUF_2	15	7157
SSUF_2	16	4465
SSUF_2	17	2820
SSUF_2	18	1864
SSUF_2	19	1115
SSUF_2	2	22438
SSUF_2	20	583
SSUF_2	21	257
SSUF_2	22	149
SSUF_2	23	70
SSUF_2	24	54
SSUF_2	25	26
SSUF_2	26	22
SSUF_2	27	15
SSUF_2	28	3
SSUF_2	29	3
SSUF_2	3	26323
SSUF_2	30	3
SSUF_2	31	5
SSUF_2	32	5
SSUF_2	33	2
SSUF_2	34	1
SSUF_2	35	2
SSUF_2	36	4
SSUF_2	37	4
SSUF_2	38	3
SSUF_2	39	1
SSUF_2	4	39798
SSUF_2	41	2
SSUF_2	42	1
SSUF_2	43	1
SSUF_2	44	3
SSUF_2	46	1
SSUF_2	47	1
SSUF_2	48	2
SSUF_2	49	1
SSUF_2	5	98835
SSUF_2	51	2
SSUF_2	52	1
SSUF_2	54	1
SSUF_2	6	251232
SSUF_2	7	478156
SSUF_2	72	1
SSUF_2	75	1
SSUF_2	8	543483
SSUF_2	9	242910
SSUF_2	92	1
SSUF_2	95	6
SSUF_2	96	1
